Date,Product,Category,City,Units_Sold,Unit_Price,Discount,Sales,Marketing_Spend,Customer_Rating,Stock_Available,Returns
2026-01-01,Tablet,Electronics,Mumbai,1,43874,0.03,42557.78,18299.51,,67,0
2026-01-02,Smartwatch,Wearables,Hyderabad,14,13503,0.18,155014.44,20327.56,4.6,77,0
2026-01-03,Headphones,Accessories,Mumbai,14,6548,0.05,87088.4,24729.49,4.1,93,2
2026-01-04,Smartwatch,Wearables,Hyderabad,5,16487,0.14,70894.1,15476.74,4.5,17,1
2026-01-05,Smartwatch,Wearables,Chennai,7,11942,0.21,66039.26,20364.4,4.3,77,0
2026-01-06,Smartphone,Electronics,Hyderabad,10,42354,0.02,415069.2,24103.58,5,81,1
2026-01-07,Headphones,Accessories,Hyderabad,10,6851,0.13,59603.7,23665.83,4.2,72,1
2026-01-08,Headphones,Accessories,Mumbai,6,4712,0.06,26575.68,4385.96,4.4,102,0
2026-01-09,Headphones,Accessories,Mumbai,5,7390,0.09,33624.5,10753.42,4.6,129,0
2026-01-10,Smartwatch,Wearables,Bengaluru,4,3756,0.12,13221.12,,4,106,0
2026-01-11,Tablet,Electronics,Bengaluru,2,34760,0.09,63263.2,3086.2,3.6,136,0
2026-01-12,Headphones,Accessories,Chennai,4,6845,0.16,22999.2,16197.78,3.7,106,0
2026-01-13,Monitor,Electronics,Bengaluru,15,28870,0.12,381084,18661.71,,23,0
2026-01-14,Smartwatch,Wearables,Hyderabad,10,6084,0.15,51714,21355.07,3.5,,0
2026-01-15,Smartphone,Electronics,Mumbai,10,54356,0.18,445719.2,3946.65,4.2,145,0
2026-01-16,Tablet,Electronics,Bengaluru,3,26829,0.14,69218.82,22034.66,3.7,27,1
2026-01-17,Monitor,Electronics,Bengaluru,10,17053,0.15,144950.5,16430.21,4.1,87,0
2026-01-18,Monitor,Electronics,Chennai,1,12330,0.14,10603.8,17894.71,3.9,113,1
2026-01-19,Smartphone,Electronics,Pune,8,31087,0.09,226313.36,22854.98,4,79,0
2026-01-20,Tablet,Electronics,Chennai,5,23662,0.08,108845.2,15994.27,4.3,133,0
2026-01-21,Smartwatch,Wearables,Hyderabad,13,10620,0.22,107686.8,9060.78,3.7,92,0
2026-01-22,Laptop,Electronics,Mumbai,4,52114,0.15,177187.6,20802.58,4.4,58,0
2026-01-23,Tablet,Electronics,Chennai,8,28323,0.06,212988.96,9713.42,4.9,93,0
2026-01-24,Smartphone,Electronics,Bengaluru,7,46121,0.12,284105.36,1821.47,4.2,147,0
2026-01-25,Monitor,Electronics,Mumbai,2,19975,0.08,36754,20935.71,3.6,69,0
2026-01-26,Smartwatch,Wearables,Mumbai,1,13523,0.23,10412.71,9284.61,3.7,80,0
2026-01-27,Tablet,Electronics,Bengaluru,12,36447,0,437364,19572.03,3.9,147,1
2026-01-28,Laptop,Electronics,Chennai,11,69933,0.06,723107.22,9706.19,3.7,64,0
2026-01-29,Laptop,Electronics,Bengaluru,4,68959,0.09,251010.76,21665.63,3.5,97,0
2026-01-30,Headphones,Accessories,Pune,8,1867,0.12,13143.68,6268.25,4.1,53,1
2026-01-31,Headphones,Accessories,Mumbai,12,5668,0.21,53732.64,24389.13,3.9,39,0
2026-02-01,Smartphone,Electronics,Delhi,2,41703,0.02,81737.88,19714.21,4.1,106,0
2026-02-02,Tablet,Electronics,Delhi,3,24337,0.2,58408.8,3741.71,4.7,15,2
2026-02-03,Tablet,Electronics,Hyderabad,12,28659,0.01,340468.92,14578.64,3.9,103,0
2026-02-04,Monitor,Electronics,Bengaluru,1,32203,0.21,25440.37,24648.82,3.3,114,0
2026-02-05,Monitor,Electronics,Bengaluru,1,12719,0.01,12591.81,12305.57,3.8,78,1
2026-02-06,Monitor,Electronics,Hyderabad,13,28129,0,365677,5370.57,4.4,13,0
2026-02-07,Headphones,Accessories,Hyderabad,3,1739,0.17,4330.11,12634.68,4.4,7,0
2026-02-08,Tablet,Electronics,Hyderabad,11,42355,0.25,349428.75,13298.98,4.3,89,0
2026-02-09,Tablet,Electronics,Mumbai,5,19964,0.22,77859.6,18800.49,3.7,30,0
2026-02-10,Laptop,Electronics,Pune,12,49835,0.14,514297.2,17772.3,4.4,76,0
2026-02-11,Headphones,Accessories,Bengaluru,3,4975,0.23,11492.25,10661.2,4.5,52,0
2026-02-12,Smartwatch,Wearables,Mumbai,1,8542,0,8542,6232.55,3.6,121,0
2026-02-13,Headphones,Accessories,Hyderabad,1,7845,0.24,5962.2,16481.3,4,16,0
2026-02-14,Smartwatch,Wearables,Bengaluru,8,9602,0.12,67598.08,11120.89,5,137,3
2026-02-15,Laptop,Electronics,Mumbai,10,85080,0.18,697656,4174.63,3.6,52,1
2026-02-16,Smartphone,Electronics,Pune,11,50088,0.21,435264.72,22613.74,3.1,41,1
2026-02-17,Tablet,Electronics,Mumbai,12,28216,0.18,277645.44,17589.32,4.8,48,0
2026-02-18,Laptop,Electronics,Pune,13,80547,0.13,910986.57,,4.6,19,1
2026-02-19,Tablet,Electronics,Hyderabad,13,32308,0.12,369603.52,20742.01,3.7,47,1
2026-02-20,Monitor,Electronics,Pune,12,10581,0.21,100307.88,13711.88,3.9,91,0
2026-02-21,Smartphone,Electronics,Bengaluru,15,17713,0.05,252410.25,20561.31,3.3,74,0
2026-02-22,Smartphone,Electronics,Hyderabad,14,16804,0.24,178794.56,12954.18,4,50,2
2026-02-23,Laptop,Electronics,Bengaluru,2,55136,0.18,90423.04,2612.21,4.6,112,0
2026-02-24,Smartphone,Electronics,Delhi,13,12009,0.05,148311.15,10725.95,3.7,127,0
2026-02-25,Smartwatch,Wearables,Chennai,3,5371,0.18,13212.66,12939.16,4.5,25,0
2026-02-26,Smartphone,Electronics,Pune,2,35793,0.13,62279.82,18284.86,4.3,111,0
2026-02-27,Tablet,Electronics,Chennai,3,38802,0.18,95452.92,3557.89,4.3,84,0
2026-02-28,Tablet,Electronics,Chennai,7,44548,0.19,252587.16,4360.44,3.7,51,1
2026-03-01,Tablet,Electronics,Pune,1,20124,0.02,19721.52,7328.41,3.8,121,0
2026-03-02,Tablet,Electronics,Hyderabad,10,16015,0.13,139330.5,7395.96,3,128,0
2026-03-03,Smartwatch,Wearables,Delhi,8,12516,0.23,77098.56,18572.43,3.7,147,0
2026-03-04,Headphones,Accessories,Bengaluru,13,5669,0.08,67801.24,7017.54,4.6,29,0
2026-03-05,Monitor,Electronics,Mumbai,10,11193,0.15,95140.5,16194.35,3.5,40,0
2026-03-06,Laptop,Electronics,Bengaluru,10,53415,0.09,486076.5,12862.57,3.6,55,0
2026-03-07,Tablet,Electronics,Mumbai,10,28550,0.11,254095,14759.07,4.4,19,1
2026-03-08,Smartphone,Electronics,Bengaluru,14,35833,0.14,431429.32,21114.57,4.2,72,0
2026-03-09,Tablet,Electronics,Pune,2,19158,0.14,32951.76,10705.16,4.4,25,0
2026-03-10,Smartphone,Electronics,Delhi,3,32309,0.05,92080.65,19501.87,3.4,145,0
2026-03-11,Monitor,Electronics,Mumbai,9,15970,0.17,119295.9,11128.87,5,23,0
2026-03-12,Monitor,Electronics,Hyderabad,7,15938,0.02,109334.68,9492.91,3.3,38,0
2026-03-13,Monitor,Electronics,Bengaluru,4,30168,0.03,117051.84,24007.05,4.1,82,1
2026-03-14,Smartphone,Electronics,Bengaluru,10,32384,0,323840,5424.9,3.9,129,1
2026-03-15,Tablet,Electronics,Mumbai,5,33017,0.03,160132.45,3168.09,3.3,121,1
2026-03-16,Monitor,Electronics,Hyderabad,2,19344,0.12,34045.44,19503.66,3.8,56,0
2026-03-17,Smartwatch,Wearables,Hyderabad,13,9766,0.15,107914.3,2637.99,4,31,0
2026-03-18,Smartphone,Electronics,Pune,11,20702,0.2,182177.6,21089.9,3.6,39,0
2026-03-19,Smartphone,Electronics,Pune,13,12384,0.03,156162.24,11492.64,4.5,140,0
2026-03-20,Tablet,Electronics,Pune,8,15404,0.21,97353.28,22972.33,3.9,148,1
2026-03-21,Smartphone,Electronics,Pune,4,52943,0.19,171535.32,18316.79,3.3,110,0
2026-03-22,Smartphone,Electronics,Pune,9,41189,0.1,333630.9,15649.71,3.2,6,0
2026-03-23,Monitor,Electronics,Pune,5,21763,0.23,83787.55,23783.36,4.3,81,0
2026-03-24,Tablet,Electronics,Delhi,13,33384,0.25,325494,10519.58,3.2,136,0
2026-03-25,Monitor,Electronics,Hyderabad,9,18860,0.05,161253,23898.09,4.2,94,1
2026-03-26,Monitor,Electronics,Pune,4,14989,0.09,54559.96,4240.03,4.2,93,0
2026-03-27,Tablet,Electronics,Hyderabad,10,30106,0.23,231816.2,12610.12,3.5,98,0
2026-03-28,Laptop,Electronics,Hyderabad,5,68574,0.18,281153.4,7477.87,4.5,11,0
2026-03-29,Monitor,Electronics,Chennai,9,32524,0.01,289788.84,13956.23,3.1,99,0
2026-03-30,Smartwatch,Wearables,Delhi,8,6136,0.2,39270.4,4888.33,4.2,112,1
2026-03-31,Smartwatch,Wearables,Pune,3,13416,0.21,31795.92,21196.71,4,78,1
2026-04-01,Smartphone,Electronics,Bengaluru,1,16809,0.19,13615.29,21313.79,3.9,43,1
2026-04-02,Smartwatch,Wearables,Mumbai,3,6678,0.2,16027.2,23925.67,3.4,145,0
2026-04-03,Smartphone,Electronics,Bengaluru,4,25456,0.21,80440.96,4712.13,3.5,75,0
2026-04-04,Laptop,Electronics,Delhi,2,83765,0.05,159153.5,15959.98,4.9,60,0
2026-04-05,Tablet,Electronics,Mumbai,1,17048,0.06,16025.12,12381.7,4.7,46,0
2026-04-06,Tablet,Electronics,Delhi,7,27338,0.16,160747.44,9265.21,4.4,40,0
2026-04-07,Tablet,Electronics,Hyderabad,8,36164,0.23,222770.24,9436.96,4.5,88,1
2026-04-08,Smartwatch,Wearables,Mumbai,7,3216,0.08,20711.04,10907.05,4.5,122,0
2026-04-09,Laptop,Electronics,Hyderabad,14,66949,0.15,796693.1,17918.21,3.8,11,2
2026-04-10,Smartwatch,Wearables,Bengaluru,5,7044,0.17,29232.6,15358.87,4,58,0
2026-04-11,Smartwatch,Wearables,Bengaluru,12,7476,0.11,79843.68,12032.36,3.2,133,1
2026-04-12,Laptop,Electronics,Mumbai,1,87783,0.18,71982.06,2822.4,4,124,0
2026-04-13,Laptop,Electronics,Mumbai,7,71657,0.22,391247.22,2866.37,4.7,110,1
2026-04-14,Laptop,Electronics,Pune,13,81187,0.16,886562.04,1056.15,3.6,51,1
2026-04-15,Laptop,Electronics,Delhi,7,52239,0.13,318135.51,24224.79,4.6,127,0
2026-04-16,Tablet,Electronics,Pune,9,41150,0.11,329611.5,1126.09,4.1,145,0
2026-04-17,Headphones,Accessories,Delhi,3,7497,0.14,19342.26,3474.25,3.2,123,0
2026-04-18,Headphones,Accessories,Pune,9,1449,0.09,11867.31,8550.32,3.4,122,0
2026-04-19,Laptop,Electronics,Hyderabad,14,88125,0.1,1110375,20378.33,4.5,25,1
2026-04-20,Headphones,Accessories,Mumbai,1,1970,0.13,1713.9,24090.37,4.3,141,0
2026-04-21,Headphones,Accessories,Bengaluru,1,5162,0.02,5058.76,19960.33,4.1,30,0
2026-04-22,Laptop,Electronics,Delhi,14,77049,0.06,1013964.84,17573.45,3.8,13,0
2026-04-23,Headphones,Accessories,Delhi,4,5563,0.14,19136.72,13511.22,4.1,19,0
2026-04-24,Smartwatch,Wearables,Bengaluru,9,12676,0.11,101534.76,3080.93,4.5,14,1
2026-04-25,Smartphone,Electronics,Pune,6,20427,0.08,112757.04,23996.1,4.8,126,0
2026-04-26,Smartphone,Electronics,Delhi,13,53348,0.18,568689.68,19201.42,4.8,125,0
2026-04-27,Laptop,Electronics,Hyderabad,11,69285,0.17,632572.05,16334.79,4.2,129,0
2026-04-28,Tablet,Electronics,Mumbai,3,19858,0.04,57191.04,19216.86,3.9,76,1
2026-04-29,Laptop,Electronics,Bengaluru,1,87808,0.22,68490.24,18378.48,4.1,53,0
2026-04-30,Tablet,Electronics,Mumbai,4,37928,0.12,133506.56,16293.56,4.3,95,0
2026-05-01,Smartphone,Electronics,Delhi,12,31198,0.19,303244.56,24533.84,4.3,41,0
2026-05-02,Laptop,Electronics,Delhi,13,64758,0.14,723994.44,22680.73,4.7,72,0
2026-05-03,Monitor,Electronics,Bengaluru,9,24254,0.25,163714.5,16519.96,5,54,1
2026-05-04,Smartwatch,Wearables,Hyderabad,3,13970,0.19,33947.1,17636.21,3.9,23,0
2026-05-05,Headphones,Accessories,Chennai,12,2452,0.18,24127.68,2238.3,5,104,0
2026-05-06,Tablet,Electronics,Bengaluru,9,21996,0.19,160350.84,17078.02,4.6,64,0
2026-05-07,Monitor,Electronics,Chennai,7,21173,0.04,142282.56,2059.97,3.9,93,0
2026-05-08,Headphones,Accessories,Pune,12,5873,0.05,66952.2,15118.33,4.8,73,1
2026-05-09,Headphones,Accessories,Chennai,14,3322,0.18,38136.56,24984.48,4.9,53,1
2026-05-10,Laptop,Electronics,Hyderabad,15,60781,0.12,802309.2,14339.36,3.7,112,0
2026-05-11,Headphones,Accessories,Pune,4,6059,0.19,19631.16,12357.04,5,123,0
2026-05-12,Smartwatch,Wearables,Chennai,3,9381,0.03,27298.71,8508.52,4.6,41,0
2026-05-13,Monitor,Electronics,Pune,10,15949,0.13,138756.3,3892.54,5,147,2
2026-05-14,Headphones,Accessories,Chennai,15,2529,0.09,34520.85,18544.57,3.8,15,0
2026-05-15,Laptop,Electronics,Hyderabad,5,53017,0.11,235925.65,5622.38,3.8,142,0
2026-05-16,Smartwatch,Wearables,Chennai,5,9441,0.15,40124.25,3766.77,2.9,82,0
2026-05-17,Smartphone,Electronics,Chennai,3,37934,0.13,99007.74,11122.3,4.3,81,0
2026-05-18,Monitor,Electronics,Chennai,12,32386,0.13,338109.84,20088.2,4.2,6,0
2026-05-19,Headphones,Accessories,Bengaluru,9,3682,0.12,29161.44,18881.55,3.7,68,0
2026-05-20,Laptop,Electronics,Bengaluru,4,55209,0.1,198752.4,2317.18,4,39,0
2026-05-21,Smartphone,Electronics,Bengaluru,11,29715,0.19,264760.65,11923.45,3.3,11,1
2026-05-22,Smartphone,Electronics,Hyderabad,5,40920,0,204600,13538.43,4.7,89,0
2026-05-23,Tablet,Electronics,Pune,4,35645,0.15,121193,16469.12,3.7,71,0
2026-05-24,Smartwatch,Wearables,Delhi,5,10148,0.14,43636.4,16604.02,5,46,0
2026-05-25,Headphones,Accessories,Chennai,7,2558,0.18,14682.92,9752.73,3.9,122,2
2026-05-26,Laptop,Electronics,Chennai,9,49637,0.15,379723.05,14456.25,3.6,129,1
2026-05-27,Tablet,Electronics,Hyderabad,7,19854,0.21,109792.62,12545.49,3.8,28,0
2026-05-28,Smartwatch,Wearables,Chennai,13,5677,0.24,56088.76,22239.96,3.2,50,3
2026-05-29,Tablet,Electronics,Bengaluru,5,39114,0.09,177968.7,13726.36,4.3,23,0
2026-05-30,Monitor,Electronics,Delhi,10,19320,0.06,181608,11584.77,3.8,72,0
2026-05-31,Smartwatch,Wearables,Mumbai,10,4680,0.11,41652,10707.65,4.6,106,1
2026-06-01,Smartwatch,Wearables,Chennai,7,7392,0.07,48121.92,14738.27,3.8,46,1
2026-06-02,Headphones,Accessories,Bengaluru,14,1337,0.15,15910.3,,4.8,36,1
2026-06-03,Smartwatch,Wearables,Mumbai,15,8827,0.23,101951.85,13921.64,4.4,113,0
2026-06-04,Tablet,Electronics,Delhi,10,34856,0.03,338103.2,16879.72,4,40,0
2026-06-05,Smartwatch,Wearables,Mumbai,5,7949,0.03,38552.65,18708.54,4.9,101,1
2026-06-06,Headphones,Accessories,Bengaluru,3,4032,0.06,11370.24,13484.03,4.5,135,0
2026-06-07,Headphones,Accessories,Pune,7,4779,0.18,27431.46,11243.61,5,77,0
2026-06-08,Monitor,Electronics,Pune,13,31355,0.15,346472.75,22039.97,3.8,140,0
2026-06-09,Tablet,Electronics,Mumbai,11,42607,0.03,454616.69,11020.15,4,101,0
2026-06-10,Smartphone,Electronics,Hyderabad,11,48932,0.23,414454.04,12086.63,4.9,127,1
2026-06-11,Smartphone,Electronics,Mumbai,2,39169,0.2,62670.4,24768.19,3.2,74,1
2026-06-12,Smartwatch,Wearables,Chennai,15,10441,0.01,155048.85,1005.7,4.7,17,0
2026-06-13,Monitor,Electronics,Chennai,12,23388,0.16,235751.04,5451.35,4.2,53,0
2026-06-14,Laptop,Electronics,Pune,9,50569,0.19,368648.01,10215.13,3.5,64,0
2026-06-15,Smartwatch,Wearables,Hyderabad,10,6800,0.09,61880,23382.16,3.3,134,1
2026-06-16,Monitor,Electronics,Bengaluru,10,15269,0.02,149636.2,2680.71,3.6,9,1
2026-06-17,Tablet,Electronics,Chennai,12,18818,0.02,221299.68,1227.65,2.7,31,0
2026-06-18,Tablet,Electronics,Pune,1,43714,0.03,42402.58,2264.41,3.7,12,0
2026-06-19,Tablet,Electronics,Delhi,13,27015,0.21,277444.05,3125.04,4.3,54,1
2026-06-20,Tablet,Electronics,Pune,6,27234,0.23,125821.08,1902.32,3.7,71,1
2026-06-21,Tablet,Electronics,Chennai,7,33290,0.03,226039.1,12514.75,4.8,48,1
2026-06-22,Monitor,Electronics,Chennai,14,15254,0.06,200742.64,14938.17,4.9,129,0
2026-06-23,Monitor,Electronics,Pune,13,26144,0.04,326277.12,7520.49,4.7,62,1
2026-06-24,Headphones,Accessories,Bengaluru,8,7438,0.05,56528.8,10558.9,4.1,7,0
2026-06-25,Smartphone,Electronics,Mumbai,10,18090,0.21,142911,3200.78,2.7,90,1
2026-06-26,Tablet,Electronics,Chennai,9,26637,0.08,220554.36,9072.89,3.6,74,1
2026-06-27,Laptop,Electronics,Pune,2,67415,0.08,124043.6,13540.46,3.9,134,0
2026-06-28,Monitor,Electronics,Pune,11,33071,0.06,341954.14,18574.52,3.5,6,1
2026-06-29,Laptop,Electronics,Hyderabad,10,87679,0.15,745271.5,1080.31,3.9,106,0
2026-06-30,Laptop,Electronics,Mumbai,2,86240,0.09,156956.8,12215.46,4.9,39,0
2026-07-01,Laptop,Electronics,Delhi,5,63271,0.19,256247.55,8128.07,3.1,102,2
2026-07-02,Headphones,Accessories,Bengaluru,13,4466,0.05,55155.1,21467.72,5,34,2
2026-07-03,Monitor,Electronics,Delhi,5,9666,0.2,38664,18173.28,4.5,120,0
2026-07-04,Laptop,Electronics,Mumbai,6,49188,0.15,250858.8,15138.6,4.1,12,0
2026-07-05,Tablet,Electronics,Mumbai,3,32055,0.03,93280.05,7654.38,,48,0
2026-07-06,Smartwatch,Wearables,Mumbai,8,12661,0.1,91159.2,22848.14,3.5,40,1
2026-07-07,Laptop,Electronics,Delhi,13,73732,0.22,747642.48,2082.42,3.1,81,1
2026-07-08,Headphones,Accessories,Mumbai,1,7977,0.23,6142.29,3627.22,4.9,35,0
2026-07-09,Monitor,Electronics,Pune,6,20314,0.12,107257.92,10399.12,4.8,51,0
2026-07-10,Headphones,Accessories,Delhi,4,6324,0.12,22260.48,3986.5,3.2,59,1
2026-07-11,Laptop,Electronics,Mumbai,1,66969,0.23,51566.13,23953.98,3.7,110,0
2026-07-12,Monitor,Electronics,Pune,15,21891,0.15,279110.25,20151.74,4.2,125,1
2026-07-13,Smartwatch,Wearables,Hyderabad,7,7277,0.01,50429.61,7215.58,3.8,59,0
2026-07-14,Laptop,Electronics,Mumbai,9,81668,0.23,565959.24,15125.3,2.9,148,0
2026-07-15,Headphones,Accessories,Delhi,13,7877,0.06,96256.94,24575.93,3.6,16,0
2026-07-16,Smartphone,Electronics,Chennai,4,25716,0.14,88463.04,22220.78,5,149,0
2026-07-17,Tablet,Electronics,Mumbai,4,21981,0.04,84407.04,15419.16,3.7,148,0
2026-07-18,Headphones,Accessories,Chennai,6,7988,0.01,47448.72,22689.38,3.9,144,1
2026-07-19,Monitor,Electronics,Pune,12,15376,0.08,169751.04,24740.44,3.4,140,1
2026-07-20,Laptop,Electronics,Hyderabad,15,61907,0.2,742884,18840.47,4.3,7,1
2026-07-21,Tablet,Electronics,Bengaluru,3,33777,0.07,94237.83,2559.67,4.1,,0
2026-07-22,Laptop,Electronics,Hyderabad,13,72693,0.06,888308.46,10637.93,3.6,34,0
2026-07-23,Monitor,Electronics,Mumbai,12,27977,0.05,318937.8,21107.82,3.3,27,0
2026-07-24,Laptop,Electronics,Chennai,6,87928,0.13,458984.16,6533.66,4.8,96,0
2026-07-25,Smartphone,Electronics,Chennai,7,38329,0.24,203910.28,20935.42,3.1,119,1
2026-07-26,Tablet,Electronics,Delhi,11,29124,0.11,285123.96,3888.13,4.3,108,3
2026-07-27,Tablet,Electronics,Chennai,10,31282,0.14,269025.2,2126.69,2.8,122,0
2026-07-28,Monitor,Electronics,Delhi,10,32624,0.22,254467.2,10218.17,4.4,9,0
2026-07-29,Smartphone,Electronics,Pune,3,35321,0.13,92187.81,1881.57,4.5,108,0
2026-07-30,Headphones,Accessories,Bengaluru,7,3496,0.05,23248.4,23974.49,4.6,112,0
2026-07-31,Laptop,Electronics,Mumbai,14,67574,0.07,879813.48,20828.94,3.9,69,1
2026-08-01,Smartwatch,Wearables,Delhi,3,7740,0.08,21362.4,20218.47,4.9,125,0
2026-08-02,Laptop,Electronics,Bengaluru,13,88221,0.1,1032185.7,16114.67,5,34,1
2026-08-03,Laptop,Electronics,Chennai,13,55478,0.11,641880.46,6191.78,3.8,88,0
2026-08-04,Headphones,Accessories,Chennai,2,6375,0.2,10200,13438.25,3.8,36,0
2026-08-05,Laptop,Electronics,Bengaluru,12,64262,0.09,701741.04,15334.58,4.1,20,1
2026-08-06,Smartphone,Electronics,Chennai,14,16432,0.12,202442.24,13600.76,3.7,42,1
2026-08-07,Smartphone,Electronics,Pune,10,41721,0.16,350456.4,7245.6,3.7,146,0
2026-08-08,Tablet,Electronics,Pune,4,28568,0.09,103987.52,13365.95,3.7,40,0
2026-08-09,Monitor,Electronics,Bengaluru,12,23178,0.21,219727.44,12788.47,4.9,118,0
2026-08-10,Smartwatch,Wearables,Delhi,8,3776,0.15,25676.8,24912.06,4.4,70,1
2026-08-11,Laptop,Electronics,Delhi,13,67195,0.07,812387.55,22538.47,3.7,109,0
2026-08-12,Laptop,Electronics,Bengaluru,15,45302,0.18,557214.6,12121.14,2.6,89,2
2026-08-13,Headphones,Accessories,Delhi,9,1838,0.13,14391.54,15950.5,3.2,6,0
2026-08-14,Monitor,Electronics,Delhi,7,9055,0.13,55144.95,18948.92,4.3,79,0
2026-08-15,Smartphone,Electronics,Pune,1,20717,0.12,18230.96,1836.76,2.8,71,0
2026-08-16,Smartwatch,Wearables,Delhi,3,15261,0.12,40289.04,22478.11,4.2,,0
2026-08-17,Tablet,Electronics,Hyderabad,13,43699,0.19,460150.47,21643.04,3.4,10,2
2026-08-18,Smartphone,Electronics,Mumbai,12,20150,0.03,234546,11978.37,4.1,147,3
2026-08-19,Monitor,Electronics,Chennai,14,11125,0.08,143290,10388.07,4,90,0
2026-08-20,Tablet,Electronics,Hyderabad,9,26479,0.02,233544.78,7551.02,4.1,64,0
2026-08-21,Headphones,Accessories,Delhi,15,1564,0.19,19002.6,12440.24,3.8,105,1
2026-08-22,Headphones,Accessories,Pune,12,5821,0.07,64962.36,2065.04,3.8,16,2
2026-08-23,Laptop,Electronics,Bengaluru,1,60034,0.22,46826.52,21452.64,3.6,53,0
2026-08-24,Monitor,Electronics,Delhi,9,22623,0.13,177138.09,1850.14,4.3,46,0
2026-08-25,Smartwatch,Wearables,Pune,8,15670,0.2,100288,8897.23,4.4,86,0
2026-08-26,Tablet,Electronics,Mumbai,1,20126,0.24,15295.76,23358.15,3.3,39,0
2026-08-27,Smartphone,Electronics,Delhi,6,17122,0.21,81158.28,18645.1,4,138,0
2026-08-28,Monitor,Electronics,Bengaluru,5,27030,0.22,105417,7753.38,4.1,71,0
2026-08-29,Monitor,Electronics,Pune,6,26302,0.1,142030.8,7063.58,4.1,84,0
2026-08-30,Headphones,Accessories,Pune,10,3997,0.14,34374.2,1121.97,4.1,11,1
2026-08-31,Laptop,Electronics,Pune,12,83638,0.06,943436.64,17697.14,3.8,18,0
2026-09-01,Laptop,Electronics,Mumbai,13,46531,0.05,574657.85,2170.81,4.2,77,1
2026-09-02,Tablet,Electronics,Delhi,13,23172,0.13,262075.32,13782.46,4.3,147,0
2026-09-03,Headphones,Accessories,Mumbai,13,4545,0.15,50222.25,24090.93,4.1,70,1
2026-09-04,Monitor,Electronics,Chennai,15,16673,0.08,230087.4,3627.25,4.3,95,0
2026-09-05,Smartwatch,Wearables,Chennai,5,9449,0.14,40630.7,22467.52,4.5,134,0
2026-09-06,Headphones,Accessories,Delhi,6,3106,0.22,14536.08,24795.41,3,24,0
2026-09-07,Tablet,Electronics,Mumbai,5,18086,0.14,77769.8,2476.41,4.5,14,0
2026-01-11,Tablet,Electronics,Bengaluru,2,34760,0.09,63263.2,3086.2,3.6,136,0
2026-01-26,Smartwatch,Wearables,Mumbai,1,13523,0.23,10412.71,9284.61,3.7,80,0
2026-03-02,Tablet,Electronics,Hyderabad,10,16015,0.13,139330.5,7395.96,3,128,0